Last 2 days,Last_2_days
Last 7 days,Last_7_days
Last 30 days,Last_30_days
Last 3 months,Last_3_months
Last 6 months,Last_6_months
Last 1 year,Last_1_year
Last 2 years,Last_2_years
Yesterday,Yesterday
Day before yesterday,Day_before_yesterday
This day last week,This_day_last_week
Previous week,Previous_week
Previous month,Previous_month
Previous year,Previous_year
Today,Today
Today so far,Today_so_far
This week,This_week
This week so far,This_week_so_far
This month,This_month
This month so far,This_month_so_far
This year,This_year
This year so far,This_year_so_far
Last 5 minutes,Last_5_minutes
Last 15 minutes,Last_15_minutes
Last 30 minutes,Last_30_minutes
Last 1 hour,Last_1_hour
Last 3 hours,Last_3_hours
Last 6 hours,Last_6_hours
Last 12 hours,Last_12_hours
Last 1 day,Last_1_day
